[{"model": "admin.logentry", "pk": 1, "fields": {"action_time": "2021-07-04T14:47:30.241", "user": 1, "content_type": 7, "object_id": "9", "object_repr": "лампа сфера (Классика)", "action_flag": 2, "change_message": "[{\"changed\": {\"fields\": [\"Image\"]}}]"}}, {"model": "admin.logentry", "pk": 2, "fields": {"action_time": "2021-07-04T14:49:13.511", "user": 1, "content_type": 7, "object_id": "9", "object_repr": "лампа сфера (Классика)", "action_flag": 2, "change_message": "[{\"changed\": {\"fields\": [\"Image\"]}}]"}}, {"model": "admin.logentry", "pk": 3, "fields": {"action_time": "2021-07-04T14:49:19.575", "user": 1, "content_type": 7, "object_id": "8", "object_repr": "синий стул (Классика)", "action_flag": 2, "change_message": "[{\"changed\": {\"fields\": [\"Image\"]}}]"}}, {"model": "admin.logentry", "pk": 4, "fields": {"action_time": "2021-07-04T14:49:27.875", "user": 1, "content_type": 7, "object_id": "8", "object_repr": "синий стул (Классика)", "action_flag": 2, "change_message": "[{\"changed\": {\"fields\": [\"Image\"]}}]"}}, {"model": "admin.logentry", "pk": 5, "fields": {"action_time": "2021-07-04T14:49:34.306", "user": 1, "content_type": 7, "object_id": "7", "object_repr": "кресло из белой кожи (Модерн)", "action_flag": 2, "change_message": "[{\"changed\": {\"fields\": [\"\\u041d\\u0430\\u0437\\u0432\\u0430\\u043d\\u0438\\u0435 \\u043f\\u0440\\u043e\\u0434\\u0443\\u043a\\u0442\\u0430\", \"Image\"]}}]"}}, {"model": "admin.logentry", "pk": 6, "fields": {"action_time": "2021-07-04T14:49:45.205", "user": 1, "content_type": 7, "object_id": "7", "object_repr": "кресло из белой кожи (Модерн)", "action_flag": 2, "change_message": "[{\"changed\": {\"fields\": [\"Image\"]}}]"}}, {"model": "admin.logentry", "pk": 7, "fields": {"action_time": "2021-07-04T14:50:08.527", "user": 1, "content_type": 7, "object_id": "6", "object_repr": "стул из слоновьих бивней (Дом)", "action_flag": 2, "change_message": "[{\"changed\": {\"fields\": [\"Image\"]}}]"}}, {"model": "admin.logentry", "pk": 8, "fields": {"action_time": "2021-07-04T14:50:38.995", "user": 1, "content_type": 7, "object_id": "6", "object_repr": "стул из слоновьих бивней (Дом)", "action_flag": 2, "change_message": "[{\"changed\": {\"fields\": [\"Image\"]}}]"}}, {"model": "admin.logentry", "pk": 9, "fields": {"action_time": "2021-07-04T14:50:59.614", "user": 1, "content_type": 7, "object_id": "5", "object_repr": "левитирующий стул (Дом)", "action_flag": 2, "change_message": "[{\"changed\": {\"fields\": [\"Image\"]}}]"}}, {"model": "admin.logentry", "pk": 10, "fields": {"action_time": "2021-07-04T14:51:03.959", "user": 1, "content_type": 7, "object_id": "4", "object_repr": "фиолетовый стул (Офис)", "action_flag": 2, "change_message": "[{\"changed\": {\"fields\": [\"Image\"]}}]"}}, {"model": "admin.logentry", "pk": 11, "fields": {"action_time": "2021-07-04T14:51:12.386", "user": 1, "content_type": 7, "object_id": "4", "object_repr": "фиолетовый стул (Офис)", "action_flag": 2, "change_message": "[{\"changed\": {\"fields\": [\"Image\"]}}]"}}, {"model": "admin.logentry", "pk": 12, "fields": {"action_time": "2021-07-04T14:51:16.309", "user": 1, "content_type": 7, "object_id": "3", "object_repr": "бежевый стул (Офис)", "action_flag": 2, "change_message": "[{\"changed\": {\"fields\": [\"Image\"]}}]"}}, {"model": "admin.logentry", "pk": 13, "fields": {"action_time": "2021-07-04T14:51:29.650", "user": 1, "content_type": 7, "object_id": "3", "object_repr": "бежевый стул (Офис)", "action_flag": 2, "change_message": "[{\"changed\": {\"fields\": [\"Image\"]}}]"}}, {"model": "admin.logentry", "pk": 14, "fields": {"action_time": "2021-07-04T14:51:35.102", "user": 1, "content_type": 7, "object_id": "2", "object_repr": "белый стул (Классика)", "action_flag": 2, "change_message": "[{\"changed\": {\"fields\": [\"Image\"]}}]"}}, {"model": "admin.logentry", "pk": 15, "fields": {"action_time": "2021-07-04T14:51:54.357", "user": 1, "content_type": 7, "object_id": "2", "object_repr": "белый стул (Классика)", "action_flag": 2, "change_message": "[{\"changed\": {\"fields\": [\"Image\"]}}]"}}, {"model": "admin.logentry", "pk": 16, "fields": {"action_time": "2021-07-04T14:52:04.127", "user": 1, "content_type": 7, "object_id": "1", "object_repr": "красный стул (Модерн)", "action_flag": 2, "change_message": "[{\"changed\": {\"fields\": [\"Image\"]}}]"}}, {"model": "admin.logentry", "pk": 17, "fields": {"action_time": "2021-07-04T14:52:48.944", "user": 1, "content_type": 7, "object_id": "1", "object_repr": "красный стул (Модерн)", "action_flag": 2, "change_message": "[{\"changed\": {\"fields\": [\"Image\"]}}]"}}, {"model": "admin.logentry", "pk": 18, "fields": {"action_time": "2021-07-04T14:53:42.933", "user": 1, "content_type": 7, "object_id": "5", "object_repr": "левитирующий стул (Дом)", "action_flag": 3, "change_message": ""}}, {"model": "admin.logentry", "pk": 19, "fields": {"action_time": "2021-07-04T14:53:47.148", "user": 1, "content_type": 7, "object_id": "6", "object_repr": "стул из слоновьих бивней (Дом)", "action_flag": 3, "change_message": ""}}, {"model": "admin.logentry", "pk": 20, "fields": {"action_time": "2021-07-04T14:56:46.937", "user": 1, "content_type": 7, "object_id": "8", "object_repr": "синий стул (Классика)", "action_flag": 3, "change_message": ""}}, {"model": "admin.logentry", "pk": 21, "fields": {"action_time": "2021-07-04T14:56:50.440", "user": 1, "content_type": 7, "object_id": "4", "object_repr": "фиолетовый стул (Офис)", "action_flag": 3, "change_message": ""}}, {"model": "admin.logentry", "pk": 22, "fields": {"action_time": "2021-07-04T15:07:47.155", "user": 1, "content_type": 6, "object_id": "6", "object_repr": "Стулья", "action_flag": 1, "change_message": "[{\"added\": {}}]"}}, {"model": "admin.logentry", "pk": 23, "fields": {"action_time": "2021-07-04T15:08:15.123", "user": 1, "content_type": 6, "object_id": "1", "object_repr": "Всё", "action_flag": 3, "change_message": ""}}, {"model": "admin.logentry", "pk": 24, "fields": {"action_time": "2021-07-15T21:35:42.355", "user": 1, "content_type": 8, "object_id": "3", "object_repr": "django", "action_flag": 2, "change_message": "[{\"changed\": {\"fields\": [\"Is deleted\"]}}]"}}, {"model": "admin.logentry", "pk": 25, "fields": {"action_time": "2021-07-15T21:35:49.631", "user": 1, "content_type": 8, "object_id": "2", "object_repr": "Alex", "action_flag": 2, "change_message": "[{\"changed\": {\"fields\": [\"Active\", \"Is deleted\"]}}]"}}, {"model": "admin.logentry", "pk": 26, "fields": {"action_time": "2021-07-15T21:36:49.770", "user": 1, "content_type": 8, "object_id": "2", "object_repr": "Alex", "action_flag": 2, "change_message": "[{\"changed\": {\"fields\": [\"Active\", \"Is deleted\"]}}]"}}, {"model": "admin.logentry", "pk": 27, "fields": {"action_time": "2021-07-15T22:03:21.701", "user": 1, "content_type": 8, "object_id": "2", "object_repr": "Alex", "action_flag": 2, "change_message": "[{\"changed\": {\"fields\": [\"Active\", \"Is deleted\"]}}]"}}, {"model": "admin.logentry", "pk": 28, "fields": {"action_time": "2021-07-16T10:04:39.917", "user": 1, "content_type": 8, "object_id": "3", "object_repr": "django", "action_flag": 2, "change_message": "[{\"changed\": {\"fields\": [\"Active\", \"Is deleted\"]}}]"}}, {"model": "admin.logentry", "pk": 29, "fields": {"action_time": "2021-07-17T13:56:45.500", "user": 1, "content_type": 7, "object_id": "12", "object_repr": "sdgsgzcvbx (Дом)", "action_flag": 3, "change_message": ""}}, {"model": "admin.logentry", "pk": 30, "fields": {"action_time": "2021-07-17T13:56:49.397", "user": 1, "content_type": 7, "object_id": "11", "object_repr": "sfgsg (Дом)", "action_flag": 3, "change_message": ""}}, {"model": "admin.logentry", "pk": 31, "fields": {"action_time": "2021-07-17T13:59:18.268", "user": 1, "content_type": 7, "object_id": "14", "object_repr": "jfhgjcn (Дом)", "action_flag": 3, "change_message": ""}}, {"model": "admin.logentry", "pk": 32, "fields": {"action_time": "2021-07-17T13:59:22.006", "user": 1, "content_type": 7, "object_id": "13", "object_repr": "fgkghjkbnm, (Дом)", "action_flag": 3, "change_message": ""}}, {"model": "admin.logentry", "pk": 33, "fields": {"action_time": "2021-07-17T14:13:05.915", "user": 1, "content_type": 7, "object_id": "15", "object_repr": "kgkgkgk (Модерн)", "action_flag": 3, "change_message": ""}}, {"model": "admin.logentry", "pk": 34, "fields": {"action_time": "2021-07-17T15:24:22.957", "user": 1, "content_type": 6, "object_id": "9", "object_repr": "f", "action_flag": 3, "change_message": ""}}, {"model": "admin.logentry", "pk": 35, "fields": {"action_time": "2021-07-17T15:24:39.790", "user": 1, "content_type": 7, "object_id": "17", "object_repr": "dghdhs (Дом)", "action_flag": 2, "change_message": "[{\"changed\": {\"fields\": [\"Is deleted\"]}}]"}}, {"model": "admin.logentry", "pk": 36, "fields": {"action_time": "2021-07-17T15:24:50.751", "user": 1, "content_type": 7, "object_id": "17", "object_repr": "dghdhs (Дом)", "action_flag": 3, "change_message": ""}}, {"model": "admin.logentry", "pk": 37, "fields": {"action_time": "2021-07-17T15:24:55.195", "user": 1, "content_type": 7, "object_id": "16", "object_repr": "ырыпрврывые (Модерн)", "action_flag": 2, "change_message": "[{\"changed\": {\"fields\": [\"Is deleted\"]}}]"}}, {"model": "admin.logentry", "pk": 38, "fields": {"action_time": "2021-07-17T15:30:18.346", "user": 1, "content_type": 7, "object_id": "16", "object_repr": "ырыпрврывые (Модерн)", "action_flag": 3, "change_message": ""}}, {"model": "admin.logentry", "pk": 39, "fields": {"action_time": "2021-07-18T12:44:13.806", "user": 1, "content_type": 8, "object_id": "5", "object_repr": "dhdfkh", "action_flag": 3, "change_message": ""}}, {"model": "admin.logentry", "pk": 40, "fields": {"action_time": "2021-07-18T12:44:13.824", "user": 1, "content_type": 8, "object_id": "4", "object_repr": "abracadabra", "action_flag": 3, "change_message": ""}}, {"model": "admin.logentry", "pk": 41, "fields": {"action_time": "2021-07-18T12:45:37.135", "user": 1, "content_type": 8, "object_id": "7", "object_repr": "ghjfgnmfnfhn", "action_flag": 3, "change_message": ""}}, {"model": "admin.logentry", "pk": 42, "fields": {"action_time": "2021-07-18T12:45:37.152", "user": 1, "content_type": 8, "object_id": "6", "object_repr": "dhdfkh", "action_flag": 3, "change_message": ""}}, {"model": "admin.logentry", "pk": 43, "fields": {"action_time": "2021-07-18T20:37:26.076", "user": 1, "content_type": 8, "object_id": "10", "object_repr": "sgsgsg", "action_flag": 3, "change_message": ""}}, {"model": "admin.logentry", "pk": 44, "fields": {"action_time": "2021-07-18T20:37:26.093", "user": 1, "content_type": 8, "object_id": "9", "object_repr": "shatun1", "action_flag": 3, "change_message": ""}}, {"model": "admin.logentry", "pk": 45, "fields": {"action_time": "2021-07-18T20:37:26.111", "user": 1, "content_type": 8, "object_id": "8", "object_repr": "dhdhd", "action_flag": 3, "change_message": ""}}, {"model": "admin.logentry", "pk": 46, "fields": {"action_time": "2021-07-18T21:13:00.541", "user": 1, "content_type": 8, "object_id": "3", "object_repr": "django", "action_flag": 2, "change_message": "[{\"changed\": {\"fields\": [\"Active\", \"Is deleted\"]}}]"}}, {"model": "admin.logentry", "pk": 47, "fields": {"action_time": "2021-07-18T21:13:07.001", "user": 1, "content_type": 8, "object_id": "11", "object_repr": "gjfjdgh", "action_flag": 2, "change_message": "[{\"changed\": {\"fields\": [\"Active\", \"Is deleted\"]}}]"}}, {"model": "admin.logentry", "pk": 48, "fields": {"action_time": "2021-07-18T21:19:58.248", "user": 1, "content_type": 6, "object_id": "10", "object_repr": "gsgsg", "action_flag": 3, "change_message": ""}}, {"model": "admin.logentry", "pk": 49, "fields": {"action_time": "2021-07-19T10:08:35.315", "user": 1, "content_type": 6, "object_id": "11", "object_repr": "abracadabra", "action_flag": 3, "change_message": ""}}, {"model": "admin.logentry", "pk": 50, "fields": {"action_time": "2021-07-19T15:47:56.785", "user": 1, "content_type": 7, "object_id": "18", "object_repr": "gjkgk (Дом)", "action_flag": 3, "change_message": ""}}, {"model": "admin.logentry", "pk": 51, "fields": {"action_time": "2021-07-19T15:49:05.017", "user": 1, "content_type": 7, "object_id": "19", "object_repr": "dfghdh (Дом)", "action_flag": 2, "change_message": "[{\"changed\": {\"fields\": [\"Is deleted\"]}}]"}}, {"model": "admin.logentry", "pk": 52, "fields": {"action_time": "2021-07-19T15:49:17.757", "user": 1, "content_type": 7, "object_id": "19", "object_repr": "dfghdh (Дом)", "action_flag": 3, "change_message": ""}}, {"model": "admin.logentry", "pk": 53, "fields": {"action_time": "2021-07-19T15:50:12.996", "user": 1, "content_type": 7, "object_id": "20", "object_repr": "jfjf (Дом)", "action_flag": 3, "change_message": ""}}, {"model": "admin.logentry", "pk": 54, "fields": {"action_time": "2021-07-19T15:53:25.930", "user": 1, "content_type": 7, "object_id": "21", "object_repr": "fjf (Дом)", "action_flag": 3, "change_message": ""}}, {"model": "admin.logentry", "pk": 55, "fields": {"action_time": "2021-07-19T16:12:19.942", "user": 1, "content_type": 7, "object_id": "24", "object_repr": "hjklhl (Дом)", "action_flag": 3, "change_message": ""}}, {"model": "admin.logentry", "pk": 56, "fields": {"action_time": "2021-07-19T16:12:19.959", "user": 1, "content_type": 7, "object_id": "23", "object_repr": "sfgs (Дом)", "action_flag": 3, "change_message": ""}}, {"model": "admin.logentry", "pk": 57, "fields": {"action_time": "2021-07-19T16:12:19.977", "user": 1, "content_type": 7, "object_id": "22", "object_repr": "fjjf (Дом)", "action_flag": 3, "change_message": ""}}, {"model": "admin.logentry", "pk": 58, "fields": {"action_time": "2021-07-19T16:12:44.956", "user": 1, "content_type": 7, "object_id": "25", "object_repr": "gkg (Дом)", "action_flag": 3, "change_message": ""}}, {"model": "admin.logentry", "pk": 59, "fields": {"action_time": "2021-07-19T23:46:55.211", "user": 1, "content_type": 7, "object_id": "31", "object_repr": "yufkgkgkg (Дом)", "action_flag": 3, "change_message": ""}}, {"model": "admin.logentry", "pk": 60, "fields": {"action_time": "2021-07-19T23:46:55.219", "user": 1, "content_type": 7, "object_id": "30", "object_repr": "hdbmnvmjk (Дом)", "action_flag": 3, "change_message": ""}}, {"model": "admin.logentry", "pk": 61, "fields": {"action_time": "2021-07-19T23:46:55.228", "user": 1, "content_type": 7, "object_id": "29", "object_repr": "aercncvn (Дом)", "action_flag": 3, "change_message": ""}}, {"model": "admin.logentry", "pk": 62, "fields": {"action_time": "2021-07-19T23:46:55.236", "user": 1, "content_type": 7, "object_id": "28", "object_repr": "ertet (Дом)", "action_flag": 3, "change_message": ""}}, {"model": "admin.logentry", "pk": 63, "fields": {"action_time": "2021-07-19T23:46:55.244", "user": 1, "content_type": 7, "object_id": "27", "object_repr": "gkgkg (Дом)", "action_flag": 3, "change_message": ""}}, {"model": "admin.logentry", "pk": 64, "fields": {"action_time": "2021-07-19T23:46:55.253", "user": 1, "content_type": 7, "object_id": "26", "object_repr": "fjf (Дом)", "action_flag": 3, "change_message": ""}}, {"model": "admin.logentry", "pk": 65, "fields": {"action_time": "2021-07-19T23:47:32.195", "user": 1, "content_type": 7, "object_id": "32", "object_repr": "yufkgkgkg (Дом)", "action_flag": 3, "change_message": ""}}, {"model": "admin.logentry", "pk": 66, "fields": {"action_time": "2021-07-20T00:23:40.064", "user": 1, "content_type": 7, "object_id": "33", "object_repr": "fjf (Дом)", "action_flag": 3, "change_message": ""}}, {"model": "admin.logentry", "pk": 67, "fields": {"action_time": "2021-07-20T00:24:25.743", "user": 1, "content_type": 7, "object_id": "34", "object_repr": "fjf (Дом)", "action_flag": 3, "change_message": ""}}, {"model": "admin.logentry", "pk": 68, "fields": {"action_time": "2021-07-20T00:24:41.741", "user": 1, "content_type": 7, "object_id": "35", "object_repr": "fjf (Дом)", "action_flag": 3, "change_message": ""}}, {"model": "admin.logentry", "pk": 69, "fields": {"action_time": "2021-07-20T00:25:57.340", "user": 1, "content_type": 7, "object_id": "36", "object_repr": "fjf (Дом)", "action_flag": 3, "change_message": ""}}, {"model": "admin.logentry", "pk": 70, "fields": {"action_time": "2021-07-20T00:26:47.868", "user": 1, "content_type": 7, "object_id": "37", "object_repr": "fjf (Дом)", "action_flag": 3, "change_message": ""}}, {"model": "admin.logentry", "pk": 71, "fields": {"action_time": "2021-07-20T00:31:48.889", "user": 1, "content_type": 7, "object_id": "38", "object_repr": "fjf (Дом)", "action_flag": 3, "change_message": ""}}, {"model": "admin.logentry", "pk": 72, "fields": {"action_time": "2021-07-20T00:32:11.449", "user": 1, "content_type": 7, "object_id": "39", "object_repr": "fjf (Дом)", "action_flag": 3, "change_message": ""}}, {"model": "admin.logentry", "pk": 73, "fields": {"action_time": "2021-07-20T00:32:54.259", "user": 1, "content_type": 7, "object_id": "40", "object_repr": "fjf (Дом)", "action_flag": 3, "change_message": ""}}, {"model": "admin.logentry", "pk": 74, "fields": {"action_time": "2021-07-20T00:33:38.699", "user": 1, "content_type": 7, "object_id": "41", "object_repr": "fjf (Дом)", "action_flag": 3, "change_message": ""}}, {"model": "admin.logentry", "pk": 75, "fields": {"action_time": "2021-07-20T00:34:08.741", "user": 1, "content_type": 7, "object_id": "42", "object_repr": "fjf (Дом)", "action_flag": 3, "change_message": ""}}, {"model": "admin.logentry", "pk": 76, "fields": {"action_time": "2021-07-20T00:34:36.695", "user": 1, "content_type": 7, "object_id": "43", "object_repr": "fjf (Дом)", "action_flag": 3, "change_message": ""}}, {"model": "admin.logentry", "pk": 77, "fields": {"action_time": "2021-07-20T09:53:10.405", "user": 1, "content_type": 7, "object_id": "45", "object_repr": "dhdtysryhg (Дом)", "action_flag": 3, "change_message": ""}}, {"model": "admin.logentry", "pk": 78, "fields": {"action_time": "2021-07-20T09:53:10.423", "user": 1, "content_type": 7, "object_id": "44", "object_repr": "fjf (Дом)", "action_flag": 3, "change_message": ""}}, {"model": "admin.logentry", "pk": 79, "fields": {"action_time": "2021-07-20T09:53:48.977", "user": 1, "content_type": 7, "object_id": "46", "object_repr": "fjfj (Дом)", "action_flag": 3, "change_message": ""}}, {"model": "admin.logentry", "pk": 80, "fields": {"action_time": "2021-07-20T09:56:07.044", "user": 1, "content_type": 8, "object_id": "11", "object_repr": "gjfjdgh", "action_flag": 3, "change_message": ""}}, {"model": "admin.logentry", "pk": 81, "fields": {"action_time": "2021-07-21T11:14:43.336", "user": 1, "content_type": 8, "object_id": "5", "object_repr": "lhlhlh", "action_flag": 3, "change_message": ""}}, {"model": "admin.logentry", "pk": 82, "fields": {"action_time": "2021-07-21T11:14:43.355", "user": 1, "content_type": 8, "object_id": "4", "object_repr": "fjftyjfjf", "action_flag": 3, "change_message": ""}}, {"model": "admin.logentry", "pk": 83, "fields": {"action_time": "2021-07-21T11:18:28.254", "user": 1, "content_type": 8, "object_id": "6", "object_repr": "aaa", "action_flag": 2, "change_message": "[{\"changed\": {\"fields\": [\"Active\"]}}]"}}, {"model": "admin.logentry", "pk": 84, "fields": {"action_time": "2021-07-26T18:27:30.192", "user": 1, "content_type": 8, "object_id": "9", "object_repr": "id642184800", "action_flag": 3, "change_message": ""}}, {"model": "admin.logentry", "pk": 85, "fields": {"action_time": "2021-07-26T18:27:30.211", "user": 1, "content_type": 8, "object_id": "8", "object_repr": "fff", "action_flag": 3, "change_message": ""}}, {"model": "admin.logentry", "pk": 86, "fields": {"action_time": "2021-07-26T18:27:30.230", "user": 1, "content_type": 8, "object_id": "7", "object_repr": "gsgsre", "action_flag": 3, "change_message": ""}}, {"model": "admin.logentry", "pk": 87, "fields": {"action_time": "2021-07-26T18:27:30.248", "user": 1, "content_type": 8, "object_id": "6", "object_repr": "aaa", "action_flag": 3, "change_message": ""}}, {"model": "admin.logentry", "pk": 88, "fields": {"action_time": "2021-07-26T18:27:30.268", "user": 1, "content_type": 8, "object_id": "3", "object_repr": "django", "action_flag": 3, "change_message": ""}}, {"model": "admin.logentry", "pk": 89, "fields": {"action_time": "2021-07-28T12:48:21.227", "user": 1, "content_type": 8, "object_id": "3", "object_repr": "nikita.lukonenko.0440", "action_flag": 3, "change_message": ""}}, {"model": "admin.logentry", "pk": 90, "fields": {"action_time": "2021-07-28T12:48:21.235", "user": 1, "content_type": 8, "object_id": "2", "object_repr": "id642184800", "action_flag": 3, "change_message": ""}}, {"model": "admin.logentry", "pk": 91, "fields": {"action_time": "2021-07-28T14:36:20.715", "user": 1, "content_type": 8, "object_id": "5", "object_repr": "shatungg", "action_flag": 3, "change_message": ""}}, {"model": "admin.logentry", "pk": 92, "fields": {"action_time": "2021-07-28T14:36:20.742", "user": 1, "content_type": 8, "object_id": "4", "object_repr": "id642184800", "action_flag": 3, "change_message": ""}}, {"model": "admin.logentry", "pk": 93, "fields": {"action_time": "2021-07-28T14:42:50.678", "user": 1, "content_type": 8, "object_id": "7", "object_repr": "shatungg", "action_flag": 3, "change_message": ""}}, {"model": "admin.logentry", "pk": 94, "fields": {"action_time": "2021-07-28T14:42:50.695", "user": 1, "content_type": 8, "object_id": "6", "object_repr": "id642184800", "action_flag": 3, "change_message": ""}}, {"model": "admin.logentry", "pk": 95, "fields": {"action_time": "2021-07-28T14:49:56.620", "user": 1, "content_type": 8, "object_id": "8", "object_repr": "shatungg", "action_flag": 3, "change_message": ""}}, {"model": "admin.logentry", "pk": 96, "fields": {"action_time": "2021-07-28T14:51:36.868", "user": 1, "content_type": 8, "object_id": "9", "object_repr": "shatungg", "action_flag": 3, "change_message": ""}}, {"model": "admin.logentry", "pk": 97, "fields": {"action_time": "2021-07-28T14:53:32.093", "user": 1, "content_type": 8, "object_id": "10", "object_repr": "shatungg", "action_flag": 3, "change_message": ""}}, {"model": "admin.logentry", "pk": 98, "fields": {"action_time": "2021-07-28T14:56:02.790", "user": 1, "content_type": 8, "object_id": "11", "object_repr": "shatungg", "action_flag": 3, "change_message": ""}}, {"model": "admin.logentry", "pk": 99, "fields": {"action_time": "2021-07-28T15:01:23.144", "user": 1, "content_type": 8, "object_id": "12", "object_repr": "shatungg", "action_flag": 3, "change_message": ""}}, {"model": "admin.logentry", "pk": 100, "fields": {"action_time": "2021-07-28T15:03:08.465", "user": 1, "content_type": 8, "object_id": "13", "object_repr": "shatungg", "action_flag": 3, "change_message": ""}}, {"model": "admin.logentry", "pk": 101, "fields": {"action_time": "2021-07-28T15:05:11.527", "user": 1, "content_type": 8, "object_id": "15", "object_repr": "shatungg", "action_flag": 3, "change_message": ""}}, {"model": "admin.logentry", "pk": 102, "fields": {"action_time": "2021-07-28T15:05:11.546", "user": 1, "content_type": 8, "object_id": "14", "object_repr": "id642184800", "action_flag": 3, "change_message": ""}}, {"model": "admin.logentry", "pk": 103, "fields": {"action_time": "2021-07-28T15:09:03.562", "user": 1, "content_type": 8, "object_id": "16", "object_repr": "shatungg", "action_flag": 3, "change_message": ""}}, {"model": "admin.logentry", "pk": 104, "fields": {"action_time": "2021-07-28T15:11:26.877", "user": 1, "content_type": 8, "object_id": "17", "object_repr": "shatungg", "action_flag": 3, "change_message": ""}}, {"model": "admin.logentry", "pk": 105, "fields": {"action_time": "2021-07-28T15:11:53.128", "user": 1, "content_type": 8, "object_id": "18", "object_repr": "shatungg", "action_flag": 3, "change_message": ""}}, {"model": "admin.logentry", "pk": 106, "fields": {"action_time": "2021-07-28T15:14:56.361", "user": 1, "content_type": 8, "object_id": "19", "object_repr": "shatungg", "action_flag": 3, "change_message": ""}}, {"model": "admin.logentry", "pk": 107, "fields": {"action_time": "2021-07-28T15:16:25.440", "user": 1, "content_type": 8, "object_id": "20", "object_repr": "shatungg", "action_flag": 3, "change_message": ""}}, {"model": "admin.logentry", "pk": 108, "fields": {"action_time": "2021-07-28T15:19:30.305", "user": 1, "content_type": 8, "object_id": "21", "object_repr": "shatungg", "action_flag": 3, "change_message": ""}}, {"model": "admin.logentry", "pk": 109, "fields": {"action_time": "2021-07-28T15:24:40.218", "user": 1, "content_type": 8, "object_id": "22", "object_repr": "shatungg", "action_flag": 3, "change_message": ""}}, {"model": "admin.logentry", "pk": 110, "fields": {"action_time": "2021-07-28T15:25:45.740", "user": 1, "content_type": 8, "object_id": "23", "object_repr": "shatungg", "action_flag": 3, "change_message": ""}}, {"model": "admin.logentry", "pk": 111, "fields": {"action_time": "2021-07-28T15:33:25.089", "user": 1, "content_type": 8, "object_id": "24", "object_repr": "shatungg", "action_flag": 3, "change_message": ""}}, {"model": "admin.logentry", "pk": 112, "fields": {"action_time": "2021-07-28T15:36:00.002", "user": 1, "content_type": 8, "object_id": "25", "object_repr": "shatungg", "action_flag": 3, "change_message": ""}}, {"model": "admin.logentry", "pk": 113, "fields": {"action_time": "2021-07-31T10:13:37.380", "user": 1, "content_type": 7, "object_id": "10", "object_repr": "кровать (Дом)", "action_flag": 3, "change_message": ""}}, {"model": "auth.permission", "pk": 1, "fields": {"name": "Can add log entry", "content_type": 1, "codename": "add_logentry"}}, {"model": "auth.permission", "pk": 2, "fields": {"name": "Can change log entry", "content_type": 1, "codename": "change_logentry"}}, {"model": "auth.permission", "pk": 3, "fields": {"name": "Can delete log entry", "content_type": 1, "codename": "delete_logentry"}}, {"model": "auth.permission", "pk": 4, "fields": {"name": "Can view log entry", "content_type": 1, "codename": "view_logentry"}}, {"model": "auth.permission", "pk": 5, "fields": {"name": "Can add permission", "content_type": 2, "codename": "add_permission"}}, {"model": "auth.permission", "pk": 6, "fields": {"name": "Can change permission", "content_type": 2, "codename": "change_permission"}}, {"model": "auth.permission", "pk": 7, "fields": {"name": "Can delete permission", "content_type": 2, "codename": "delete_permission"}}, {"model": "auth.permission", "pk": 8, "fields": {"name": "Can view permission", "content_type": 2, "codename": "view_permission"}}, {"model": "auth.permission", "pk": 9, "fields": {"name": "Can add group", "content_type": 3, "codename": "add_group"}}, {"model": "auth.permission", "pk": 10, "fields": {"name": "Can change group", "content_type": 3, "codename": "change_group"}}, {"model": "auth.permission", "pk": 11, "fields": {"name": "Can delete group", "content_type": 3, "codename": "delete_group"}}, {"model": "auth.permission", "pk": 12, "fields": {"name": "Can view group", "content_type": 3, "codename": "view_group"}}, {"model": "auth.permission", "pk": 13, "fields": {"name": "Can add content type", "content_type": 4, "codename": "add_contenttype"}}, {"model": "auth.permission", "pk": 14, "fields": {"name": "Can change content type", "content_type": 4, "codename": "change_contenttype"}}, {"model": "auth.permission", "pk": 15, "fields": {"name": "Can delete content type", "content_type": 4, "codename": "delete_contenttype"}}, {"model": "auth.permission", "pk": 16, "fields": {"name": "Can view content type", "content_type": 4, "codename": "view_contenttype"}}, {"model": "auth.permission", "pk": 17, "fields": {"name": "Can add session", "content_type": 5, "codename": "add_session"}}, {"model": "auth.permission", "pk": 18, "fields": {"name": "Can change session", "content_type": 5, "codename": "change_session"}}, {"model": "auth.permission", "pk": 19, "fields": {"name": "Can delete session", "content_type": 5, "codename": "delete_session"}}, {"model": "auth.permission", "pk": 20, "fields": {"name": "Can view session", "content_type": 5, "codename": "view_session"}}, {"model": "auth.permission", "pk": 21, "fields": {"name": "Can add product category", "content_type": 6, "codename": "add_productcategory"}}, {"model": "auth.permission", "pk": 22, "fields": {"name": "Can change product category", "content_type": 6, "codename": "change_productcategory"}}, {"model": "auth.permission", "pk": 23, "fields": {"name": "Can delete product category", "content_type": 6, "codename": "delete_productcategory"}}, {"model": "auth.permission", "pk": 24, "fields": {"name": "Can view product category", "content_type": 6, "codename": "view_productcategory"}}, {"model": "auth.permission", "pk": 25, "fields": {"name": "Can add product", "content_type": 7, "codename": "add_product"}}, {"model": "auth.permission", "pk": 26, "fields": {"name": "Can change product", "content_type": 7, "codename": "change_product"}}, {"model": "auth.permission", "pk": 27, "fields": {"name": "Can delete product", "content_type": 7, "codename": "delete_product"}}, {"model": "auth.permission", "pk": 28, "fields": {"name": "Can view product", "content_type": 7, "codename": "view_product"}}, {"model": "auth.permission", "pk": 29, "fields": {"name": "Can add user", "content_type": 8, "codename": "add_shopuser"}}, {"model": "auth.permission", "pk": 30, "fields": {"name": "Can change user", "content_type": 8, "codename": "change_shopuser"}}, {"model": "auth.permission", "pk": 31, "fields": {"name": "Can delete user", "content_type": 8, "codename": "delete_shopuser"}}, {"model": "auth.permission", "pk": 32, "fields": {"name": "Can view user", "content_type": 8, "codename": "view_shopuser"}}, {"model": "auth.permission", "pk": 33, "fields": {"name": "Can add basket", "content_type": 9, "codename": "add_basket"}}, {"model": "auth.permission", "pk": 34, "fields": {"name": "Can change basket", "content_type": 9, "codename": "change_basket"}}, {"model": "auth.permission", "pk": 35, "fields": {"name": "Can delete basket", "content_type": 9, "codename": "delete_basket"}}, {"model": "auth.permission", "pk": 36, "fields": {"name": "Can view basket", "content_type": 9, "codename": "view_basket"}}, {"model": "auth.permission", "pk": 37, "fields": {"name": "Can add association", "content_type": 10, "codename": "add_association"}}, {"model": "auth.permission", "pk": 38, "fields": {"name": "Can change association", "content_type": 10, "codename": "change_association"}}, {"model": "auth.permission", "pk": 39, "fields": {"name": "Can delete association", "content_type": 10, "codename": "delete_association"}}, {"model": "auth.permission", "pk": 40, "fields": {"name": "Can view association", "content_type": 10, "codename": "view_association"}}, {"model": "auth.permission", "pk": 41, "fields": {"name": "Can add code", "content_type": 11, "codename": "add_code"}}, {"model": "auth.permission", "pk": 42, "fields": {"name": "Can change code", "content_type": 11, "codename": "change_code"}}, {"model": "auth.permission", "pk": 43, "fields": {"name": "Can delete code", "content_type": 11, "codename": "delete_code"}}, {"model": "auth.permission", "pk": 44, "fields": {"name": "Can view code", "content_type": 11, "codename": "view_code"}}, {"model": "auth.permission", "pk": 45, "fields": {"name": "Can add nonce", "content_type": 12, "codename": "add_nonce"}}, {"model": "auth.permission", "pk": 46, "fields": {"name": "Can change nonce", "content_type": 12, "codename": "change_nonce"}}, {"model": "auth.permission", "pk": 47, "fields": {"name": "Can delete nonce", "content_type": 12, "codename": "delete_nonce"}}, {"model": "auth.permission", "pk": 48, "fields": {"name": "Can view nonce", "content_type": 12, "codename": "view_nonce"}}, {"model": "auth.permission", "pk": 49, "fields": {"name": "Can add user social auth", "content_type": 13, "codename": "add_usersocialauth"}}, {"model": "auth.permission", "pk": 50, "fields": {"name": "Can change user social auth", "content_type": 13, "codename": "change_usersocialauth"}}, {"model": "auth.permission", "pk": 51, "fields": {"name": "Can delete user social auth", "content_type": 13, "codename": "delete_usersocialauth"}}, {"model": "auth.permission", "pk": 52, "fields": {"name": "Can view user social auth", "content_type": 13, "codename": "view_usersocialauth"}}, {"model": "auth.permission", "pk": 53, "fields": {"name": "Can add partial", "content_type": 14, "codename": "add_partial"}}, {"model": "auth.permission", "pk": 54, "fields": {"name": "Can change partial", "content_type": 14, "codename": "change_partial"}}, {"model": "auth.permission", "pk": 55, "fields": {"name": "Can delete partial", "content_type": 14, "codename": "delete_partial"}}, {"model": "auth.permission", "pk": 56, "fields": {"name": "Can view partial", "content_type": 14, "codename": "view_partial"}}, {"model": "auth.permission", "pk": 57, "fields": {"name": "Can add shop user profile", "content_type": 15, "codename": "add_shopuserprofile"}}, {"model": "auth.permission", "pk": 58, "fields": {"name": "Can change shop user profile", "content_type": 15, "codename": "change_shopuserprofile"}}, {"model": "auth.permission", "pk": 59, "fields": {"name": "Can delete shop user profile", "content_type": 15, "codename": "delete_shopuserprofile"}}, {"model": "auth.permission", "pk": 60, "fields": {"name": "Can view shop user profile", "content_type": 15, "codename": "view_shopuserprofile"}}, {"model": "auth.permission", "pk": 61, "fields": {"name": "Can add order", "content_type": 16, "codename": "add_order"}}, {"model": "auth.permission", "pk": 62, "fields": {"name": "Can change order", "content_type": 16, "codename": "change_order"}}, {"model": "auth.permission", "pk": 63, "fields": {"name": "Can delete order", "content_type": 16, "codename": "delete_order"}}, {"model": "auth.permission", "pk": 64, "fields": {"name": "Can view order", "content_type": 16, "codename": "view_order"}}, {"model": "auth.permission", "pk": 65, "fields": {"name": "Can add order item", "content_type": 17, "codename": "add_orderitem"}}, {"model": "auth.permission", "pk": 66, "fields": {"name": "Can change order item", "content_type": 17, "codename": "change_orderitem"}}, {"model": "auth.permission", "pk": 67, "fields": {"name": "Can delete order item", "content_type": 17, "codename": "delete_orderitem"}}, {"model": "auth.permission", "pk": 68, "fields": {"name": "Can view order item", "content_type": 17, "codename": "view_orderitem"}}, {"model": "sessions.session", "pk": "1ldwjqlzpqt62ebgotgpyi4askqvniw9", "fields": {"session_data": "e30:1m6Srr:ab3hniu2fmfeLhP7XWKtQbHDl7MLTEuEKRmA9vBLDwM", "expire_date": "2021-08-05T10:11:39.359"}}, {"model": "sessions.session", "pk": "2q4gew72bmelwt00yxjlvxnj74hj5p3o", "fields": {"session_data": ".eJxVjMsOwiAQRf-FtSEMQ3m4dO83EIaHVA0kpV0Z_12bdKHbe865L-bDtla_jbz4ObEzA3b63SjER247SPfQbp3H3tZlJr4r_KCDX3vKz8vh_h3UMOq3FlMotsCEhooswqLKUjmTDGgomlxEHY2UhKRIWYVYsjXZSgcRrADB3h_M6Tbo:1m8zgc:c-LZSo_yhtyx7MSh_N44xOAjBY6x07laJMyJ0V1syUM", "expire_date": "2021-08-12T09:38:30.431"}}, {"model": "sessions.session", "pk": "31aukq3chc9l779ipd62h1thwg6l62sk", "fields": {"session_data": "eyJuZXh0IjoiLyIsInZrLW9hdXRoMl9zdGF0ZSI6ImFVQUhZRGk2WndONXVjVXFjczVDRW1hdUJ6dlFpdEl4In0:1m82Y1:mvvXwcG0P_r08LgN2IJ190_lRQddlxTAgGINYl-Xo6k", "expire_date": "2021-08-09T18:29:41.423"}}, {"model": "sessions.session", "pk": "3ckoqzd6dbtkyyd37jda7bcfv7328qod", "fields": {"session_data": "e30:1m6T0f:mpBlwMZx_Puyo6pgHrlnrRpct2n4_BBSMPdvvOaWt6o", "expire_date": "2021-08-05T10:20:45.359"}}, {"model": "sessions.session", "pk": "3pmeys6qh3nyyly1z3mzb620ifgb9rnk", "fields": {"session_data": "e30:1m7yoo:Q8q3hSY8xH5ddXupe9ek7e8f9V30YK2GvBWcHvn89WA", "expire_date": "2021-08-09T14:30:46.708"}}, {"model": "sessions.session", "pk": "3vb3jxkdr0gkgczmdr8cy7gzcwi37rqp", "fields": {"session_data": "e30:1m7yot:ZdBp0uLCXgB8LlsHMAxfYgzCiMTtk4MGsXtWUKyguAU", "expire_date": "2021-08-09T14:30:51.446"}}, {"model": "sessions.session", "pk": "5ai63zyohtis7xfawm4no52hb05fp5fl", "fields": {"session_data": "e30:1m81sz:28kGu3ubOxW3Z1J-NKYwjXrPh8jqUWTUC_s8VJ1Fi8g", "expire_date": "2021-08-09T17:47:17.929"}}, {"model": "sessions.session", "pk": "5cfmy1j6391qu8tng1n6az9fd4b7dvwr", "fields": {"session_data": "e30:1m7yY6:RoVNnpBrHe8b9kSS_cam_0At7c4f2Qc9YpOZBsAPJ3A", "expire_date": "2021-08-09T14:13:30.490"}}, {"model": "sessions.session", "pk": "64yg42zt50sjia4zwwrhuucu88398sxr", "fields": {"session_data": ".eJxVj8tuwkAMRf9l1jRMXmNgB2LHAhSpLNiMHNuQkJCIzPAoqP_epEJV2Z6rc6_9VI3cvZqpsRqpa_XR4sUXkXUevfR08XnLs3o5z75MFFL6kMVuCu686e7l0Z1PWS_ZwbAXJ50tuVcieIc5UiXNkLiWSqwttZ0EL-qCaxVsV-v5sPruFeiKXpIwnMTAaZIb0pgQxyR7YEjZCAubBAAB4xx0GNN-ItGUGTSgJtRam6H0tftbXaPztm4PZfPvsL-_1fcPLX9aLA:1m8iz2:46JmC5awle3Xl-sC8naAsTMvgScGg0KUX25ltJQap8U", "expire_date": "2021-08-11T15:48:24.335"}}, {"model": "sessions.session", "pk": "74quamqg0we1ohdy3qc6hcne1ppox813", "fields": {"session_data": "e30:1m81qk:-t0bYZGP03VCZ5UPWZF74a_ad9OdLDin0q7BwzLexIQ", "expire_date": "2021-08-09T17:44:58.701"}}, {"model": "sessions.session", "pk": "8moh2dt4d0kctxsnavupgtqexquhzybt", "fields": {"session_data": ".eJxVjMsOwiAQRf-FtSEMQ3m4dO83EIaHVA0kpV0Z_12bdKHbe865L-bDtla_jbz4ObEzA3b63SjER247SPfQbp3H3tZlJr4r_KCDX3vKz8vh_h3UMOq3FlMotsCEhooswqLKUjmTDGgomlxEHY2UhKRIWYVYsjXZSgcRrADB3h_M6Tbo:1mBZ4x:YEyO5MQCC9deXhtJ3W7e1mCtdSZzGKRWnCF9JJv9iGQ", "expire_date": "2021-08-19T11:50:15.822"}}, {"model": "sessions.session", "pk": "ddvdyijnio3yh0z4w5zf386r8nujdgn3", "fields": {"session_data": "e30:1m81lx:ecX5G55PcDhAHWTWCvPzsxMUjIv4mQlp7frogdQU3Jk", "expire_date": "2021-08-09T17:40:01.838"}}, {"model": "sessions.session", "pk": "eiqhlu15hwa6ynhhdjne08cx1p911ikh", "fields": {"session_data": ".eJxVjMsOwiAQRf-FtSEMQ3m4dO83EIaHVA0kpV0Z_12bdKHbe865L-bDtla_jbz4ObEzA3b63SjER247SPfQbp3H3tZlJr4r_KCDX3vKz8vh_h3UMOq3FlMotsCEhooswqLKUjmTDGgomlxEHY2UhKRIWYVYsjXZSgcRrADB3h_M6Tbo:1m8zpp:GEk9xyjbXxirr0iTycYnPMWDKV_urElJvR_MNdsQh4E", "expire_date": "2021-08-12T09:48:01.285"}}, {"model": "sessions.session", "pk": "eu8nq7nlaqhc0ebk0wqbhor69e7r2mmh", "fields": {"session_data": ".eJxVjMsOwiAQRf-FtSEMQ3m4dO83EIaHVA0kpV0Z_12bdKHbe865L-bDtla_jbz4ObEzA3b63SjER247SPfQbp3H3tZlJr4r_KCDX3vKz8vh_h3UMOq3FlMotsCEhooswqLKUjmTDGgomlxEHY2UhKRIWYVYsjXZSgcRrADB3h_M6Tbo:1m1m6X:lhT-eqzAzuY3uWv0b06vt06qK4sczeuYpWzWSQfbV3s", "expire_date": "2021-07-23T11:43:25.552"}}, {"model": "sessions.session", "pk": "f0s5pq2c0f16b6m2a2yb26hcokxte494", "fields": {"session_data": "e30:1m6SmK:SM1DbpohAXDcGuZe226l9xdVoozXyriJNiR8tofWEZU", "expire_date": "2021-08-05T10:05:56.108"}}, {"model": "sessions.session", "pk": "grupc9hwbz6ex803mlhzxjxundpxfx6m", "fields": {"session_data": ".eJxVjMsOwiAQRf-FtSEMQ3m4dO83EIaHVA0kpV0Z_12bdKHbe865L-bDtla_jbz4ObEzA3b63SjER247SPfQbp3H3tZlJr4r_KCDX3vKz8vh_h3UMOq3FlMotsCEhooswqLKUjmTDGgomlxEHY2UhKRIWYVYsjXZSgcRrADB3h_M6Tbo:1lzaVc:Exw2ifkPIbN7wsO1lHQqOThW1aMbzuQtdiEPAOExFu0", "expire_date": "2021-07-17T10:56:16.670"}}, {"model": "sessions.session", "pk": "i7yaqhr754lxgvjmqv1kzk1y6wvwjtgg", "fields": {"session_data": "e30:1m7yZo:EKFwMRWVhd9r8E2zNXThlWTGCrorI8RXBBo92bpB7Ek", "expire_date": "2021-08-09T14:15:16.729"}}, {"model": "sessions.session", "pk": "iopptnh0q74udh4o37ifvm7lamk4wvr4", "fields": {"session_data": ".eJxVjMsOwiAQRf-FtSEMQ3m4dO83EIaHVA0kpV0Z_12bdKHbe865L-bDtla_jbz4ObEzA3b63SjER247SPfQbp3H3tZlJr4r_KCDX3vKz8vh_h3UMOq3FlMotsCEhooswqLKUjmTDGgomlxEHY2UhKRIWYVYsjXZSgcRrADB3h_M6Tbo:1mAEOe:tOFIMtxI34K_I_s7Dp7WHIfL_SeWI5xkVCf4P01wjb8", "expire_date": "2021-08-15T19:33:04.105"}}, {"model": "sessions.session", "pk": "jjauyr0cf0a8r3nz5edfatb0p6818zoz", "fields": {"session_data": "e30:1m81rr:PvE_8xVDmLWPLduodSEZ8qpsqzmBONVZcfdu_TMEBHY", "expire_date": "2021-08-09T17:46:07.654"}}, {"model": "sessions.session", "pk": "jrho6f2qih8lpz1p071imlfgyi82gcwe", "fields": {"session_data": "e30:1m6Sko:t4LZpQ5C1SXrzZ7WO0oDnRqyZNMQ4QYrtkouLWc63Jo", "expire_date": "2021-08-05T10:04:22.811"}}, {"model": "sessions.session", "pk": "k9g16harwzx6bvngrd1gja978xygewmt", "fields": {"session_data": "e30:1m81q0:hZjxM-hlBvFBXO00TJKKwG_4sJaKTSpdluIx6a_aNRU", "expire_date": "2021-08-09T17:44:12.383"}}, {"model": "sessions.session", "pk": "kdkho0qf2ywyhc4u0ccfy3a7ddd9yjgq", "fields": {"session_data": ".eJxVjMsOwiAQRf-FtSEMQ3m4dO83EIaHVA0kpV0Z_12bdKHbe865L-bDtla_jbz4ObEzA3b63SjER247SPfQbp3H3tZlJr4r_KCDX3vKz8vh_h3UMOq3FlMotsCEhooswqLKUjmTDGgomlxEHY2UhKRIWYVYsjXZSgcRrADB3h_M6Tbo:1mBbnn:Vqn2Yn6I5ZjBkRNcDDxBXqyPtFpx1NuV6PcZlLmMaEM", "expire_date": "2021-08-19T14:44:43.723"}}, {"model": "sessions.session", "pk": "m4vo8qndgcs5lqr4js8oe5mjmpn0odfe", "fields": {"session_data": ".eJxVjMsOwiAQRf-FtSEMQ3m4dO83EIaHVA0kpV0Z_12bdKHbe865L-bDtla_jbz4ObEzA3b63SjER247SPfQbp3H3tZlJr4r_KCDX3vKz8vh_h3UMOq3FlMotsCEhooswqLKUjmTDGgomlxEHY2UhKRIWYVYsjXZSgcRrADB3h_M6Tbo:1lzc6z:vZTGfnEHITY2lJRHy4mYZl1Ms6ViR_iUMTzNiwLyp_8", "expire_date": "2021-07-17T12:38:57.170"}}, {"model": "sessions.session", "pk": "m6lsytvgk8fciefb7cpyd8e9lnl877l1", "fields": {"session_data": ".eJxVjMsOwiAQRf-FtSEMQ3m4dO83EIaHVA0kpV0Z_12bdKHbe865L-bDtla_jbz4ObEzA3b63SjER247SPfQbp3H3tZlJr4r_KCDX3vKz8vh_h3UMOq3FlMotsCEhooswqLKUjmTDGgomlxEHY2UhKRIWYVYsjXZSgcRrADB3h_M6Tbo:1m00aF:mx3CvjpGV5HN3OeoL2m1R9KAsv2i8XzVeqWjxztRcao", "expire_date": "2021-07-18T14:46:47.664"}}, {"model": "sessions.session", "pk": "m9u7g76uzz20rf0xjnhp6f8mwu6dwe55", "fields": {"session_data": "e30:1m6q9s:COXhizMtHiWsMIjtTIAywDardFZhj70EeluLRRFym_0", "expire_date": "2021-08-06T11:03:48.116"}}, {"model": "sessions.session", "pk": "odyrppccl55cnbdabpwd1p5q11jp6hmf", "fields": {"session_data": ".eJxVjMsOwiAQRf-FtSEMQ3m4dO83EIaHVA0kpV0Z_12bdKHbe865L-bDtla_jbz4ObEzA3b63SjER247SPfQbp3H3tZlJr4r_KCDX3vKz8vh_h3UMOq3FlMotsCEhooswqLKUjmTDGgomlxEHY2UhKRIWYVYsjXZSgcRrADB3h_M6Tbo:1lzHza:zt4skn7bYi6xIvIytUS8L9AT5_E8zBtCvYXr45kqlh8", "expire_date": "2021-07-16T15:09:58.509"}}, {"model": "sessions.session", "pk": "p5tdyslrvrefdadq99jzcyuus76544ov", "fields": {"session_data": ".eJxVjMsOwiAQRf-FtSEMQ3m4dO83EIaHVA0kpV0Z_12bdKHbe865L-bDtla_jbz4ObEzA3b63SjER247SPfQbp3H3tZlJr4r_KCDX3vKz8vh_h3UMOq3FlMotsCEhooswqLKUjmTDGgomlxEHY2UhKRIWYVYsjXZSgcRrADB3h_M6Tbo:1mBa7X:bWOG5NMyfgUFn10PuUX2-3u7gh1bjoTMcpyI-bbD9Oo", "expire_date": "2021-08-19T12:56:59.115"}}, {"model": "sessions.session", "pk": "p87kksesjlmphnu4ohunpu8bqvf9os5p", "fields": {"session_data": ".eJxVj1ELgjAUhf_Lnsu2ObX1FoEQRfnkQy9jzq3JxJWbIkT_vRUS9Xb57j3nnvMAjA9es8HJnjU12ACcgMUvrLgwsntvnBUNb5mwvYxm6qLRROXhvA3n-F-nudNBRBFBGEGMsnUKZYXrKqVUklRkOBaIKgGxiiGSaSwIhAjVStF4XVOikixJuAqm89-PdcudZ629Nt1PsNEsLZ8TdHLyAa3C-MXMee7lu8EpM30xFnlpzvfjbl-UR-30RHJ167S97MHzBYzsWPU:1m8inE:VQE-d9JRiB_cg4rGXMn-gfh6HGpwl3Ms_haKtgl1POQ", "expire_date": "2021-08-11T15:36:12.001"}}, {"model": "sessions.session", "pk": "q94pg3pblrpgu31q7a85e8aq4ibrw37w", "fields": {"session_data": "e30:1m81m7:aY5En_elgIHQtlNv682zt55UQhOS7i9mL_KVn2rsl_A", "expire_date": "2021-08-09T17:40:11.309"}}, {"model": "sessions.session", "pk": "qnnu7q4az9nbsbqwrcpltl0wa3qhqm9l", "fields": {"session_data": "e30:1m81ov:bdH5snhFg97MzzsHOP-o4a0ipG0Iw_eJOa9t4vzIVRQ", "expire_date": "2021-08-09T17:43:05.466"}}, {"model": "sessions.session", "pk": "qnxf1d33tgkygkl4280vxco1uk9qk77t", "fields": {"session_data": "e30:1m81st:RoZl3ZAhjVCbs6bIS31cmZVHYprbRUiYwwzdTpwR54g", "expire_date": "2021-08-09T17:47:11.193"}}, {"model": "sessions.session", "pk": "sph2ty7h0ltar5cvpyk5iu09w1503c3d", "fields": {"session_data": ".eJxVjMsOwiAQRf-FtSEMQ3m4dO83EIaHVA0kpV0Z_12bdKHbe865L-bDtla_jbz4ObEzA3b63SjER247SPfQbp3H3tZlJr4r_KCDX3vKz8vh_h3UMOq3FlMotsCEhooswqLKUjmTDGgomlxEHY2UhKRIWYVYsjXZSgcRrADB3h_M6Tbo:1m0LVU:jCCp8LljhKr8oIJiJzSfEEIqWESjHGeBoioJlp9to84", "expire_date": "2021-07-19T13:07:16.522"}}, {"model": "sessions.session", "pk": "vr3n7bvkk6soe0ev02l9ywi5t7se7c6g", "fields": {"session_data": "e30:1m81un:AHVREsxluEfdACVuMvt9_tjmbx0NTk3Nn-9pTCMa0ts", "expire_date": "2021-08-09T17:49:09.276"}}, {"model": "sessions.session", "pk": "w4tyqxmaatbgs2cwn7pd9y9ibuyinfwc", "fields": {"session_data": ".eJxVjMsOwiAQRf-FtSEMQ3m4dO83EIaHVA0kpV0Z_12bdKHbe865L-bDtla_jbz4ObEzA3b63SjER247SPfQbp3H3tZlJr4r_KCDX3vKz8vh_h3UMOq3FlMotsCEhooswqLKUjmTDGgomlxEHY2UhKRIWYVYsjXZSgcRrADB3h_M6Tbo:1m0IrC:5YNt8ZOKGD7zRW8_49FQ7lmE_axH-dZkcoweFHImeBY", "expire_date": "2021-07-19T10:17:30.296"}}, {"model": "sessions.session", "pk": "y2oybc0apfkusmtc5mnjqz2773uu41vg", "fields": {"session_data": "e30:1m7yXy:DCL2ekB2s5yZvey6j-0XTcyik4WRbn2CJDd8HbQ_Mi8", "expire_date": "2021-08-09T14:13:22.574"}}, {"model": "mainapp.productcategory", "pk": 2, "fields": {"name": "Дом", "description": "Категория с продуктами для дома", "created_at": "2021-07-02T15:09:44.549", "updated_at": "2021-07-18T21:20:44.865", "is_deleted": false}}, {"model": "mainapp.productcategory", "pk": 3, "fields": {"name": "Офис", "description": "Продукты для офиса", "created_at": "2021-07-02T15:09:44.576", "updated_at": "2021-07-19T09:52:11.616", "is_deleted": false}}, {"model": "mainapp.productcategory", "pk": 4, "fields": {"name": "Модерн", "description": "Продукты в стиле модерн", "created_at": "2021-07-02T15:09:44.604", "updated_at": "2021-07-02T15:09:44.604", "is_deleted": false}}, {"model": "mainapp.productcategory", "pk": 5, "fields": {"name": "Классика", "description": "Продукты в классическом стиле", "created_at": "2021-07-02T15:09:44.634", "updated_at": "2021-07-19T13:16:55.036", "is_deleted": false}}, {"model": "mainapp.productcategory", "pk": 6, "fields": {"name": "Стулья", "description": "На них сидят", "created_at": "2021-07-04T15:07:47.153", "updated_at": "2021-07-04T15:07:47.153", "is_deleted": false}}, {"model": "mainapp.productcategory", "pk": 8, "fields": {"name": "Столы", "description": "на них едят", "created_at": "2021-07-16T10:02:25.117", "updated_at": "2021-07-16T10:10:11.528", "is_deleted": true}}, {"model": "mainapp.product", "pk": 1, "fields": {"category": 4, "name": "красный стул", "image": "products_images/product-2.jpg", "short_desc": "Удобный красный стул", "description": "", "price": "5000.00", "quantity": 2585, "is_deleted": false}}, {"model": "mainapp.product", "pk": 2, "fields": {"category": 5, "name": "белый стул", "image": "products_images/product-3.jpg", "short_desc": "Удобный белый стул", "description": "", "price": "5500.00", "quantity": 2695, "is_deleted": false}}, {"model": "mainapp.product", "pk": 3, "fields": {"category": 3, "name": "бежевый стул", "image": "products_images/product-4.jpg", "short_desc": "Удобный бежевый стул", "description": "", "price": "6000.00", "quantity": 2410, "is_deleted": false}}, {"model": "mainapp.product", "pk": 7, "fields": {"category": 4, "name": "кресло из белой кожи", "image": "products_images/product-21.jpg", "short_desc": "Удобный красный стул", "description": "", "price": "20000.00", "quantity": 1105, "is_deleted": false}}, {"model": "mainapp.product", "pk": 9, "fields": {"category": 5, "name": "лампа сфера", "image": "products_images/product-1.jpg", "short_desc": "Удобный красный стул", "description": "", "price": "9000.00", "quantity": 1515, "is_deleted": false}}, {"model": "mainapp.product", "pk": 47, "fields": {"category": 2, "name": "Кровать", "image": "", "short_desc": "Удобная кровать", "description": "Удобная кровать на которой ты выспишься", "price": "15000.00", "quantity": 200, "is_deleted": false}}, {"model": "authapp.shopuser", "pk": 1, "fields": {"password": "pbkdf2_sha256$260000$rljJGUzMVf9zSxHBjU6ZVU$KwAB0kR7f/Pddx5MsTly+X44KFxUQC+EbI7VmX95jDw=", "last_login": "2021-08-05T14:44:43.668", "is_superuser": true, "username": "shatun2", "first_name": "shatun1", "last_name": "", "email": "django@geekshop.local", "is_staff": true, "is_active": true, "date_joined": "2021-07-02T15:09:44", "avatar": "", "age": 25, "is_deleted": false, "activation_key": "", "activation_key_expires": "2021-07-23T10:11:50.284", "groups": [], "user_permissions": []}}, {"model": "authapp.shopuser", "pk": 26, "fields": {"password": "!BPTzoYsQCDWPKT5Wt6FnBp7abFyNF8Lj7kW4olMy", "last_login": null, "is_superuser": false, "username": "shatungg", "first_name": "", "last_name": "", "email": "aparfeonov@mail.ru", "is_staff": false, "is_active": true, "date_joined": "2021-07-28T15:36:12.702", "avatar": "", "age": null, "is_deleted": false, "activation_key": "", "activation_key_expires": "2021-07-30T15:35:55.288", "groups": [], "user_permissions": []}}, {"model": "authapp.shopuser", "pk": 27, "fields": {"password": "!h0EebqJv4w6prhd0i4fntyTjyq8Wik3h3gY1x4b6", "last_login": "2021-07-28T15:48:24.286", "is_superuser": false, "username": "id642184800", "first_name": "Евгений", "last_name": "Алексеев", "email": "", "is_staff": false, "is_active": true, "date_joined": "2021-07-28T15:48:23.890", "avatar": "", "age": null, "is_deleted": false, "activation_key": "", "activation_key_expires": "2021-07-30T15:48:00.913", "groups": [], "user_permissions": []}}, {"model": "authapp.shopuserprofile", "pk": 1, "fields": {"user": 1, "tagline": "", "aboutMe": "", "gender": ""}}, {"model": "authapp.shopuserprofile", "pk": 26, "fields": {"user": 26, "tagline": "", "aboutMe": "", "gender": ""}}, {"model": "authapp.shopuserprofile", "pk": 27, "fields": {"user": 27, "tagline": "", "aboutMe": "", "gender": "M"}}, {"model": "ordersapp.order", "pk": 1, "fields": {"user": 1, "created": "2021-07-30T15:11:25.411", "update": "2021-08-01T19:36:06.503", "status": "FM", "is_active": false}}, {"model": "ordersapp.order", "pk": 2, "fields": {"user": 1, "created": "2021-07-31T10:47:32.370", "update": "2021-07-31T13:08:22.284", "status": "FM", "is_active": false}}, {"model": "ordersapp.order", "pk": 3, "fields": {"user": 1, "created": "2021-07-31T10:47:56.995", "update": "2021-07-31T13:18:59.737", "status": "STP", "is_active": true}}, {"model": "ordersapp.order", "pk": 4, "fields": {"user": 1, "created": "2021-07-31T11:00:07.636", "update": "2021-08-01T10:37:36.477", "status": "STP", "is_active": true}}, {"model": "ordersapp.order", "pk": 5, "fields": {"user": 1, "created": "2021-07-31T11:00:44.160", "update": "2021-08-01T11:20:03.229", "status": "FM", "is_active": false}}, {"model": "ordersapp.order", "pk": 6, "fields": {"user": 1, "created": "2021-07-31T13:06:46.063", "update": "2021-08-01T11:19:43.154", "status": "FM", "is_active": false}}, {"model": "ordersapp.order", "pk": 7, "fields": {"user": 1, "created": "2021-07-31T14:12:51.146", "update": "2021-08-01T10:36:53.820", "status": "FM", "is_active": false}}, {"model": "ordersapp.order", "pk": 8, "fields": {"user": 1, "created": "2021-08-01T11:06:34.528", "update": "2021-08-01T11:06:41.313", "status": "FM", "is_active": false}}, {"model": "ordersapp.order", "pk": 9, "fields": {"user": 1, "created": "2021-08-01T11:11:39.428", "update": "2021-08-01T11:19:28.419", "status": "FM", "is_active": false}}, {"model": "ordersapp.order", "pk": 10, "fields": {"user": 1, "created": "2021-08-01T11:16:13.875", "update": "2021-08-01T11:18:55.443", "status": "FM", "is_active": false}}, {"model": "ordersapp.order", "pk": 11, "fields": {"user": 1, "created": "2021-08-01T11:17:22.698", "update": "2021-08-01T11:18:44.835", "status": "FM", "is_active": false}}, {"model": "ordersapp.order", "pk": 12, "fields": {"user": 1, "created": "2021-08-01T14:24:36.155", "update": "2021-08-01T15:56:42.026", "status": "FM", "is_active": false}}, {"model": "ordersapp.order", "pk": 13, "fields": {"user": 1, "created": "2021-08-01T15:38:16.070", "update": "2021-08-01T15:40:23.966", "status": "FM", "is_active": false}}, {"model": "ordersapp.order", "pk": 14, "fields": {"user": 1, "created": "2021-08-01T15:51:22.336", "update": "2021-08-01T15:51:22.428", "status": "FM", "is_active": false}}, {"model": "ordersapp.order", "pk": 15, "fields": {"user": 1, "created": "2021-08-01T15:51:59.415", "update": "2021-08-01T15:55:33.148", "status": "FM", "is_active": false}}, {"model": "ordersapp.order", "pk": 16, "fields": {"user": 1, "created": "2021-08-01T15:59:27.759", "update": "2021-08-01T19:36:13.859", "status": "FM", "is_active": true}}, {"model": "ordersapp.order", "pk": 17, "fields": {"user": 1, "created": "2021-08-01T16:24:47.596", "update": "2021-08-01T18:48:32.646", "status": "FM", "is_active": true}}, {"model": "ordersapp.order", "pk": 18, "fields": {"user": 1, "created": "2021-08-01T18:48:20.978", "update": "2021-08-01T18:48:20.995", "status": "FM", "is_active": true}}, {"model": "ordersapp.order", "pk": 19, "fields": {"user": 1, "created": "2021-08-01T18:56:39.458", "update": "2021-08-01T18:56:39.493", "status": "FM", "is_active": true}}, {"model": "ordersapp.order", "pk": 20, "fields": {"user": 1, "created": "2021-08-01T19:03:12.031", "update": "2021-08-01T19:18:49.494", "status": "FM", "is_active": false}}, {"model": "ordersapp.order", "pk": 21, "fields": {"user": 1, "created": "2021-08-01T19:08:49.908", "update": "2021-08-01T19:18:44.194", "status": "FM", "is_active": false}}, {"model": "ordersapp.order", "pk": 22, "fields": {"user": 1, "created": "2021-08-02T11:02:31.434", "update": "2021-08-02T11:02:31.461", "status": "FM", "is_active": true}}, {"model": "ordersapp.order", "pk": 23, "fields": {"user": 1, "created": "2021-08-02T12:38:51.472", "update": "2021-08-02T12:38:51.496", "status": "FM", "is_active": true}}, {"model": "ordersapp.order", "pk": 24, "fields": {"user": 1, "created": "2021-08-02T12:41:08.653", "update": "2021-08-02T12:41:08.674", "status": "FM", "is_active": true}}, {"model": "ordersapp.order", "pk": 25, "fields": {"user": 1, "created": "2021-08-05T13:05:26.897", "update": "2021-08-05T13:05:26.916", "status": "FM", "is_active": true}}, {"model": "ordersapp.orderitem", "pk": 1, "fields": {"order": 1, "product": 7, "quantity": 7}}, {"model": "ordersapp.orderitem", "pk": 2, "fields": {"order": 2, "product": 1, "quantity": 10}}, {"model": "ordersapp.orderitem", "pk": 3, "fields": {"order": 3, "product": 1, "quantity": 10}}, {"model": "ordersapp.orderitem", "pk": 5, "fields": {"order": 5, "product": 3, "quantity": 5}}, {"model": "ordersapp.orderitem", "pk": 6, "fields": {"order": 6, "product": 1, "quantity": 6}}, {"model": "ordersapp.orderitem", "pk": 7, "fields": {"order": 7, "product": 1, "quantity": 56}}, {"model": "ordersapp.orderitem", "pk": 8, "fields": {"order": 8, "product": 7, "quantity": 4}}, {"model": "ordersapp.orderitem", "pk": 9, "fields": {"order": 9, "product": 7, "quantity": 3}}, {"model": "ordersapp.orderitem", "pk": 10, "fields": {"order": 10, "product": 7, "quantity": 4}}, {"model": "ordersapp.orderitem", "pk": 11, "fields": {"order": 11, "product": 7, "quantity": 4}}, {"model": "ordersapp.orderitem", "pk": 12, "fields": {"order": 12, "product": 9, "quantity": 9}}, {"model": "ordersapp.orderitem", "pk": 13, "fields": {"order": 13, "product": 9, "quantity": 15}}, {"model": "ordersapp.orderitem", "pk": 14, "fields": {"order": 13, "product": 7, "quantity": 9}}, {"model": "ordersapp.orderitem", "pk": 15, "fields": {"order": 14, "product": 9, "quantity": 0}}, {"model": "ordersapp.orderitem", "pk": 16, "fields": {"order": 15, "product": 1, "quantity": 4}}, {"model": "ordersapp.orderitem", "pk": 17, "fields": {"order": 16, "product": 2, "quantity": 39}}, {"model": "ordersapp.orderitem", "pk": 18, "fields": {"order": 17, "product": 1, "quantity": 10}}, {"model": "ordersapp.orderitem", "pk": 19, "fields": {"order": 18, "product": 1, "quantity": 5}}, {"model": "ordersapp.orderitem", "pk": 20, "fields": {"order": 17, "product": 1, "quantity": 0}}, {"model": "ordersapp.orderitem", "pk": 21, "fields": {"order": 19, "product": 1, "quantity": 5}}, {"model": "ordersapp.orderitem", "pk": 22, "fields": {"order": 20, "product": 1, "quantity": 5}}, {"model": "ordersapp.orderitem", "pk": 23, "fields": {"order": 22, "product": 1, "quantity": 234}}, {"model": "ordersapp.orderitem", "pk": 24, "fields": {"order": 23, "product": 7, "quantity": 9}}, {"model": "ordersapp.orderitem", "pk": 25, "fields": {"order": 23, "product": 9, "quantity": 2}}, {"model": "ordersapp.orderitem", "pk": 26, "fields": {"order": 24, "product": 7, "quantity": 10}}, {"model": "ordersapp.orderitem", "pk": 27, "fields": {"order": 24, "product": 9, "quantity": 3}}, {"model": "ordersapp.orderitem", "pk": 28, "fields": {"order": 24, "product": 1, "quantity": 5}}, {"model": "ordersapp.orderitem", "pk": 29, "fields": {"order": 25, "product": 7, "quantity": 10}}, {"model": "social_django.usersocialauth", "pk": 18, "fields": {"user": 27, "provider": "vk-oauth2", "uid": "642184800", "extra_data": "{\"auth_time\": 1627476504, \"id\": 642184800, \"expires\": 86399, \"access_token\": \"c85ac4eae825d9433fa6de1cd2a91311364260ff4dff402c7c851fa749376a64557ebbea2050e108b6754\", \"token_type\": null}", "created": "2021-07-28T15:48:24.159", "modified": "2021-07-28T15:48:24.184"}}]